facere nihil non; facere-nihil-non; 10379
nostrum nisi quia; nostrum-nisi-quia; 35038
occaecati corporis odit; occaecati-corporis-odit; 7557
quo aut ut; quo-aut-ut; 52580
minima perferendis ut; minima-perferendis-ut; 66083
ut ut ducimus; ut-ut-ducimus; 33207
optio quia blanditiis; optio-quia-blanditiis; 83858
voluptatem sunt voluptatibus; voluptatem-sunt-voluptatibus; 21314
consequatur minima quis; consequatur-minima-quis; 99036
est quia ducimus; est-quia-ducimus; 38858
quidem et dolor; quidem-et-dolor; 12050
omnis consequatur non; omnis-consequatur-non; 19186
accusantium voluptatem consectetur; accusantium-voluptatem-consectetur; 10874
reiciendis qui repudiandae; reiciendis-qui-repudiandae; 13491
dicta magni voluptas; dicta-magni-voluptas; 82134
sapiente officia sint; sapiente-officia-sint; 20808
molestiae mollitia est; molestiae-mollitia-est; 44426
distinctio et ut; distinctio-et-ut; 53322
odit molestiae consequatur; odit-molestiae-consequatur; 42811
est saepe libero; est-saepe-libero; 96593
enim aut ut; enim-aut-ut; 42576
deserunt tempora facilis; deserunt-tempora-facilis; 12288
et atque eos; et-atque-eos; 25110
nulla dolor temporibus; nulla-dolor-temporibus; 68599
dolorem ratione culpa; dolorem-ratione-culpa; 63233
libero possimus reprehenderit; libero-possimus-reprehenderit; 14663
aut minima ad; aut-minima-ad; 45078
est perspiciatis iusto; est-perspiciatis-iusto; 51320
quas vitae error; quas-vitae-error; 22954
esse dignissimos aut; esse-dignissimos-aut; 69288
sapiente quis reiciendis; sapiente-quis-reiciendis; 61287
veritatis hic labore; veritatis-hic-labore; 82697
ut veniam provident; ut-veniam-provident; 89080
omnis hic molestias; omnis-hic-molestias; 75151
perferendis quas enim; perferendis-quas-enim; 95383
laborum est laudantium; laborum-est-laudantium; 91509
maiores temporibus et; maiores-temporibus-et; 24243
in aut velit; in-aut-velit; 21298
perspiciatis delectus molestias; perspiciatis-delectus-molestias; 56694
quisquam nihil qui; quisquam-nihil-qui; 51401
culpa dignissimos dignissimos; culpa-dignissimos-dignissimos; 30697
quis sit ut; quis-sit-ut; 9217
eveniet sunt odio; eveniet-sunt-odio; 2535
debitis ea rerum; debitis-ea-rerum; 85264
enim et maxime; enim-et-maxime; 58439
necessitatibus sed quam; necessitatibus-sed-quam; 88647
expedita ea autem; expedita-ea-autem; 96158
rerum veniam minus; rerum-veniam-minus; 15131
qui sapiente sapiente; qui-sapiente-sapiente; 35268
dolor est sint; dolor-est-sint; 36288
placeat necessitatibus quod; placeat-necessitatibus-quod; 34158
voluptate laboriosam quidem; voluptate-laboriosam-quidem; 90514
sit minus est; sit-minus-est; 72672
quia id aperiam; quia-id-aperiam; 70200
porro iure in; porro-iure-in; 28396
sed id non; sed-id-non; 93709
voluptatum non dolores; voluptatum-non-dolores; 4539
quis repellat nesciunt; quis-repellat-nesciunt; 4687
distinctio animi nam; distinctio-animi-nam; 37676
quo voluptatem totam; quo-voluptatem-totam; 10477
et ea excepturi; et-ea-excepturi; 21665
saepe voluptatibus quaerat; saepe-voluptatibus-quaerat; 28433
et et qui; et-et-qui; 85008
fugit adipisci ab; fugit-adipisci-ab; 40449
explicabo reprehenderit optio; explicabo-reprehenderit-optio; 11116
est sed dolores; est-sed-dolores; 72639
ab natus temporibus; ab-natus-temporibus; 26100
officiis quo reiciendis; officiis-quo-reiciendis; 92394
assumenda temporibus molestiae; assumenda-temporibus-molestiae; 21115
ratione voluptatum temporibus; ratione-voluptatum-temporibus; 24703
unde suscipit tempore; unde-suscipit-tempore; 69838
culpa itaque maxime; culpa-itaque-maxime; 20875
reprehenderit natus non; reprehenderit-natus-non; 54180
repellat quis aliquid; repellat-quis-aliquid; 21186
aliquam assumenda praesentium; aliquam-assumenda-praesentium; 96323
voluptatem omnis error; voluptatem-omnis-error; 57063
voluptatum quaerat sed; voluptatum-quaerat-sed; 15973
doloribus unde et; doloribus-unde-et; 57428
corporis ut enim; corporis-ut-enim; 65627
nobis et voluptatem; nobis-et-voluptatem; 31794
fugiat dolorem minus; fugiat-dolorem-minus; 14728
et et vel; et-et-vel; 86751
quos recusandae cupiditate; quos-recusandae-cupiditate; 60248
pariatur deserunt unde; pariatur-deserunt-unde; 1182
voluptatem consequatur alias; voluptatem-consequatur-alias; 4764
inventore deleniti voluptas; inventore-deleniti-voluptas; 95665
consequuntur soluta fuga; consequuntur-soluta-fuga; 24888
voluptas adipisci voluptatum; voluptas-adipisci-voluptatum; 3278
odit et quia; odit-et-quia; 58425
perspiciatis rerum qui; perspiciatis-rerum-qui; 89122
reiciendis asperiores doloremque; reiciendis-asperiores-doloremque; 41824
harum consequatur ad; harum-consequatur-ad; 27409
molestiae eaque qui; molestiae-eaque-qui; 74547
voluptatem praesentium iusto; voluptatem-praesentium-iusto; 39991
pariatur a sapiente; pariatur-a-sapiente; 5171
est velit eos; est-velit-eos; 48520
expedita in accusamus; expedita-in-accusamus; 97424
asperiores repudiandae voluptas; asperiores-repudiandae-voluptas; 91476
pariatur officia voluptate; pariatur-officia-voluptate; 31656
deserunt animi eum; deserunt-animi-eum; 98805
sint fugiat maiores; sint-fugiat-maiores; 87714
ut voluptatem necessitatibus; ut-voluptatem-necessitatibus; 60915
eos consequatur numquam; eos-consequatur-numquam; 35393
quo natus tenetur; quo-natus-tenetur; 85734
optio architecto nesciunt; optio-architecto-nesciunt; 87344
illo nesciunt numquam; illo-nesciunt-numquam; 61703
enim aut ad; enim-aut-ad; 30208
placeat libero nihil; placeat-libero-nihil; 67368
